<metadata xml:lang="en"><Esri><CreaDate>20101218</CreaDate><CreaTime>17010000</CreaTime><ArcGISFormat>1.0</ArcGISFormat><ArcGISstyle>Item Description</ArcGISstyle><SyncOnce>FALSE</SyncOnce><DataProperties><itemProps><itemName Sync="TRUE">GRanD_dams_v1_1</itemName><imsContentType Sync="TRUE">002</imsContentType><nativeExtBox><westBL Sync="TRUE">-153.027083</westBL><eastBL Sync="TRUE">176.815417</eastBL><southBL Sync="TRUE">-45.879583</southBL><northBL Sync="TRUE">70.387083</northBL><exTypeCode Sync="TRUE">1</exTypeCode></nativeExtBox><itemSize Sync="TRUE">0.183</itemSize><itemLocation><linkage Sync="TRUE">file:..\GRanD_dams_v1_1.shp</linkage><protocol Sync="TRUE">Local Area Network</protocol></itemLocation></itemProps><coordRef><type Sync="TRUE">Geographic</type><geogcsn Sync="TRUE">GCS_WGS_1984</geogcsn><peXml Sync="TRUE">&lt;GeographicCoordinateSystem xsi:type='typens:GeographicCoordinateSystem' xmlns:xsi='http://www.w3.org/2001/XMLSchema-instance' xmlns:xs='http://www.w3.org/2001/XMLSchema' xmlns:typens='http://www.esri.com/schemas/ArcGIS/10.0'&gt;&lt;WKT&gt;GEOGCS[&amp;quot;GCS_WGS_1984&amp;quot;,DATUM[&amp;quot;D_WGS_1984&amp;quot;,SPHEROID[&amp;quot;WGS_1984&amp;quot;,6378137.0,298.257223563]],PRIMEM[&amp;quot;Greenwich&amp;quot;,0.0],UNIT[&amp;quot;Degree&amp;quot;,0.0174532925199433],AUTHORITY[&amp;quot;EPSG&amp;quot;,4326]]&lt;/WKT&gt;&lt;XOrigin&gt;-399.99999999999989&lt;/XOrigin&gt;&lt;YOrigin&gt;-399.99999999999989&lt;/YOrigin&gt;&lt;XYScale&gt;11258999068426.24&lt;/XYScale&gt;&lt;ZOrigin&gt;-100000&lt;/ZOrigin&gt;&lt;ZScale&gt;10000&lt;/ZScale&gt;&lt;MOrigin&gt;-100000&lt;/MOrigin&gt;&lt;MScale&gt;10000&lt;/MScale&gt;&lt;XYTolerance&gt;8.9831528411952133e-009&lt;/XYTolerance&gt;&lt;ZTolerance&gt;0.001&lt;/ZTolerance&gt;&lt;MTolerance&gt;0.001&lt;/MTolerance&gt;&lt;HighPrecision&gt;true&lt;/HighPrecision&gt;&lt;LeftLongitude&gt;-180&lt;/LeftLongitude&gt;&lt;WKID&gt;4326&lt;/WKID&gt;&lt;/GeographicCoordinateSystem&gt;</peXml></coordRef></DataProperties><SyncDate>20101218</SyncDate><SyncTime>17010000</SyncTime><ModDate>20101218</ModDate><ModTime>17010000</ModTime><ArcGISProfile>ISO19139</ArcGISProfile></Esri><dataIdInfo><envirDesc Sync="TRUE">Microsoft Windows Server 2008 R2 Version 6.1 (Build 7600) ; ESRI ArcGIS 10.0.0.2414</envirDesc><dataLang><languageCode value="eng" country="USA"/></dataLang><idCitation><resTitle Sync="FALSE">GRanD_dams_v1_1</resTitle><presForm><PresFormCd value="005"/></presForm><citRespParty><rpIndName>Bernhard Lehner</rpIndName><rpOrgName>McGill University</rpOrgName><rpCntInfo><cntAddress><eMailAdd>bernhard.lehner@mcgill.ca</eMailAdd></cntAddress></rpCntInfo><role><RoleCd value="007"/></role></citRespParty><date><createDate>20101218</createDate><pubDate>20101218</pubDate><reviseDate>20101218</reviseDate></date><resEd>GRanD Version 1.1</resEd><resEdDate>12/18/2010 12:00:00 AM</resEdDate><resAltTitle>GRanD Dams Version 1.1</resAltTitle></idCitation><descKeys><thesaName uuidref="723f6998-058e-11dc-8314-0800200c9a66"/><keyword Sync="TRUE">002</keyword></descKeys><spatRpType><SpatRepTypCd value="001"/></spatRpType><dataExt><geoEle><GeoBndBox esriExtentType="search"><westBL Sync="TRUE">-153.027083</westBL><eastBL Sync="TRUE">176.815417</eastBL><northBL Sync="TRUE">70.387083</northBL><southBL Sync="TRUE">-45.879583</southBL><exTypeCode Sync="TRUE">1</exTypeCode></GeoBndBox></geoEle><geoEle><GeoDesc><geoId><identCode>Global</identCode></geoId></GeoDesc></geoEle></dataExt><idPurp>The Global Reservoir and Dam (GRanD) database contains the world's largest dams and their associated reservoirs. The database consists of two shapefiles: a point (dam) and a polygon (reservoir) layer. For details please refer to the Technical Documentation which accompanies the data.</idPurp><idAbs>&lt;DIV STYLE="text-align:Left;"&gt;&lt;DIV&gt;&lt;DIV&gt;&lt;P&gt;&lt;SPAN&gt;This point layer (GRanD_dams_v1_1) represents the locations and attribute information of dams contained in the GRanD database, version 1.1. For details please refer to the Technical Documentation.&lt;/SPAN&gt;&lt;/P&gt;&lt;/DIV&gt;&lt;/DIV&gt;&lt;/DIV&gt;</idAbs><idCredit>Global Water System Project (c) 2010. For citation and authorship please refer to the Technical Documentation.</idCredit><searchKeys><keyword>global</keyword><keyword>dams</keyword><keyword>reservoirs</keyword></searchKeys><idPoC><rpIndName>Bernhard Lehner</rpIndName><rpOrgName>McGill University</rpOrgName><rpCntInfo><cntAddress><eMailAdd>bernhard.lehner@mcgill.ca</eMailAdd></cntAddress></rpCntInfo><role><RoleCd value="007"/></role></idPoC><resConst><Consts><useLimit>Application of GRanD is not permitted for commercial purposes. For further details please refer to the Technical Documentation.</useLimit></Consts></resConst></dataIdInfo><mdLang><languageCode value="eng"/></mdLang><mdChar><CharSetCd value="004"/></mdChar><distInfo><distFormat><formatName Sync="TRUE">Shapefile</formatName></distFormat><distTranOps><transSize Sync="TRUE">0.183</transSize></distTranOps></distInfo><mdHrLv><ScopeCd value="005"/></mdHrLv><mdHrLvName Sync="TRUE">dataset</mdHrLvName><refSysInfo><RefSystem><refSysID><identCode code="4326"/><idCodeSpace Sync="TRUE">EPSG</idCodeSpace><idVersion Sync="TRUE">7.4.1</idVersion></refSysID></RefSystem></refSysInfo><spdoinfo><ptvctinf><esriterm Name="GRanD_dams_v1_1"><efeatyp Sync="TRUE">Simple</efeatyp><efeageom Sync="TRUE">1</efeageom><esritopo Sync="TRUE">FALSE</esritopo><efeacnt Sync="TRUE">6862</efeacnt><spindex Sync="TRUE">TRUE</spindex><linrefer Sync="TRUE">FALSE</linrefer></esriterm></ptvctinf></spdoinfo><spatRepInfo><VectSpatRep><topLvl><TopoLevCd value="001"/></topLvl><geometObjs><geoObjTyp><GeoObjTypCd value="004"/><geoObjCnt Sync="TRUE">6862</geoObjCnt></geoObjTyp></geometObjs></VectSpatRep></spatRepInfo><eainfo><detailed Name="GRanD_dams_v1_1"><enttyp><enttypl Sync="TRUE">GRanD_dams_v1_1</enttypl><enttypt Sync="TRUE">Feature Class</enttypt><enttypc Sync="TRUE">6862</enttypc></enttyp><attr><attrlabl Sync="TRUE">FID</attrlabl><attalias Sync="TRUE">FID</attalias><attrtype Sync="TRUE">OID</attrtype><attwidth Sync="TRUE">4</attwidth><atprecis Sync="TRUE">0</atprecis><attscale Sync="TRUE">0</attscale><attrdef Sync="TRUE">Internal feature number.</attrdef><attrdefs Sync="TRUE">ESRI</attrdefs><attrdomv><udom Sync="TRUE">Sequential unique whole numbers that are automatically generated.</udom></attrdomv></attr><attr><attrlabl Sync="TRUE">Shape</attrlabl><attalias Sync="TRUE">Shape</attalias><attrtype Sync="TRUE">Geometry</attrtype><attwidth Sync="TRUE">0</attwidth><atprecis Sync="TRUE">0</atprecis><attscale Sync="TRUE">0</attscale><attrdef Sync="TRUE">Feature geometry.</attrdef><attrdefs Sync="TRUE">ESRI</attrdefs><attrdomv><udom Sync="TRUE">Coordinates defining the features.</udom></attrdomv></attr><attr><attrlabl Sync="TRUE">GRAND_ID</attrlabl><attalias Sync="TRUE">GRAND_ID</attalias><attrtype Sync="TRUE">Integer</attrtype><attwidth Sync="TRUE">8</attwidth><atprecis Sync="TRUE">8</atprecis><attscale Sync="TRUE">0</attscale></attr><attr><attrlabl Sync="TRUE">RES_NAME</attrlabl><attalias Sync="TRUE">RES_NAME</attalias><attrtype Sync="TRUE">String</attrtype><attwidth Sync="TRUE">50</attwidth><atprecis Sync="TRUE">0</atprecis><attscale Sync="TRUE">0</attscale></attr><attr><attrlabl Sync="TRUE">DAM_NAME</attrlabl><attalias Sync="TRUE">DAM_NAME</attalias><attrtype Sync="TRUE">String</attrtype><attwidth Sync="TRUE">50</attwidth><atprecis Sync="TRUE">0</atprecis><attscale Sync="TRUE">0</attscale></attr><attr><attrlabl Sync="TRUE">ALT_NAME</attrlabl><attalias Sync="TRUE">ALT_NAME</attalias><attrtype Sync="TRUE">String</attrtype><attwidth Sync="TRUE">50</attwidth><atprecis Sync="TRUE">0</atprecis><attscale Sync="TRUE">0</attscale></attr><attr><attrlabl Sync="TRUE">RIVER</attrlabl><attalias Sync="TRUE">RIVER</attalias><attrtype Sync="TRUE">String</attrtype><attwidth Sync="TRUE">50</attwidth><atprecis Sync="TRUE">0</atprecis><attscale Sync="TRUE">0</attscale></attr><attr><attrlabl Sync="TRUE">ALT_RIVER</attrlabl><attalias Sync="TRUE">ALT_RIVER</attalias><attrtype Sync="TRUE">String</attrtype><attwidth Sync="TRUE">50</attwidth><atprecis Sync="TRUE">0</atprecis><attscale Sync="TRUE">0</attscale></attr><attr><attrlabl Sync="TRUE">MAIN_BASIN</attrlabl><attalias Sync="TRUE">MAIN_BASIN</attalias><attrtype Sync="TRUE">String</attrtype><attwidth Sync="TRUE">50</attwidth><atprecis Sync="TRUE">0</atprecis><attscale Sync="TRUE">0</attscale></attr><attr><attrlabl Sync="TRUE">SUB_BASIN</attrlabl><attalias Sync="TRUE">SUB_BASIN</attalias><attrtype Sync="TRUE">String</attrtype><attwidth Sync="TRUE">50</attwidth><atprecis Sync="TRUE">0</atprecis><attscale Sync="TRUE">0</attscale></attr><attr><attrlabl Sync="TRUE">NEAR_CITY</attrlabl><attalias Sync="TRUE">NEAR_CITY</attalias><attrtype Sync="TRUE">String</attrtype><attwidth Sync="TRUE">50</attwidth><atprecis Sync="TRUE">0</atprecis><attscale Sync="TRUE">0</attscale></attr><attr><attrlabl Sync="TRUE">ALT_CITY</attrlabl><attalias Sync="TRUE">ALT_CITY</attalias><attrtype Sync="TRUE">String</attrtype><attwidth Sync="TRUE">50</attwidth><atprecis Sync="TRUE">0</atprecis><attscale Sync="TRUE">0</attscale></attr><attr><attrlabl Sync="TRUE">ADMIN_UNIT</attrlabl><attalias Sync="TRUE">ADMIN_UNIT</attalias><attrtype Sync="TRUE">String</attrtype><attwidth Sync="TRUE">50</attwidth><atprecis Sync="TRUE">0</atprecis><attscale Sync="TRUE">0</attscale></attr><attr><attrlabl Sync="TRUE">SEC_ADMIN</attrlabl><attalias Sync="TRUE">SEC_ADMIN</attalias><attrtype Sync="TRUE">String</attrtype><attwidth Sync="TRUE">50</attwidth><atprecis Sync="TRUE">0</atprecis><attscale Sync="TRUE">0</attscale></attr><attr><attrlabl Sync="TRUE">COUNTRY</attrlabl><attalias Sync="TRUE">COUNTRY</attalias><attrtype Sync="TRUE">String</attrtype><attwidth Sync="TRUE">50</attwidth><atprecis Sync="TRUE">0</atprecis><attscale Sync="TRUE">0</attscale></attr><attr><attrlabl Sync="TRUE">SEC_CNTRY</attrlabl><attalias Sync="TRUE">SEC_CNTRY</attalias><attrtype Sync="TRUE">String</attrtype><attwidth Sync="TRUE">50</attwidth><atprecis Sync="TRUE">0</atprecis><attscale Sync="TRUE">0</attscale></attr><attr><attrlabl Sync="TRUE">YEAR</attrlabl><attalias Sync="TRUE">YEAR</attalias><attrtype Sync="TRUE">SmallInteger</attrtype><attwidth Sync="TRUE">4</attwidth><atprecis Sync="TRUE">4</atprecis><attscale Sync="TRUE">0</attscale></attr><attr><attrlabl Sync="TRUE">ALT_YEAR</attrlabl><attalias Sync="TRUE">ALT_YEAR</attalias><attrtype Sync="TRUE">SmallInteger</attrtype><attwidth Sync="TRUE">4</attwidth><atprecis Sync="TRUE">4</atprecis><attscale Sync="TRUE">0</attscale></attr><attr><attrlabl Sync="TRUE">DAM_HGT_M</attrlabl><attalias Sync="TRUE">DAM_HGT_M</attalias><attrtype Sync="TRUE">SmallInteger</attrtype><attwidth Sync="TRUE">4</attwidth><atprecis Sync="TRUE">4</atprecis><attscale Sync="TRUE">0</attscale></attr><attr><attrlabl Sync="TRUE">ALT_HGT_M</attrlabl><attalias Sync="TRUE">ALT_HGT_M</attalias><attrtype Sync="TRUE">SmallInteger</attrtype><attwidth Sync="TRUE">4</attwidth><atprecis Sync="TRUE">4</atprecis><attscale Sync="TRUE">0</attscale></attr><attr><attrlabl Sync="TRUE">DAM_LEN_M</attrlabl><attalias Sync="TRUE">DAM_LEN_M</attalias><attrtype Sync="TRUE">Integer</attrtype><attwidth Sync="TRUE">8</attwidth><atprecis Sync="TRUE">8</atprecis><attscale Sync="TRUE">0</attscale></attr><attr><attrlabl Sync="TRUE">ALT_LEN_M</attrlabl><attalias Sync="TRUE">ALT_LEN_M</attalias><attrtype Sync="TRUE">Integer</attrtype><attwidth Sync="TRUE">8</attwidth><atprecis Sync="TRUE">8</atprecis><attscale Sync="TRUE">0</attscale></attr><attr><attrlabl Sync="TRUE">AREA_SKM</attrlabl><attalias Sync="TRUE">AREA_SKM</attalias><attrtype Sync="TRUE">Double</attrtype><attwidth Sync="TRUE">10</attwidth><atprecis Sync="TRUE">9</atprecis><attscale Sync="TRUE">1</attscale></attr><attr><attrlabl Sync="TRUE">AREA_POLY</attrlabl><attalias Sync="TRUE">AREA_POLY</attalias><attrtype Sync="TRUE">Double</attrtype><attwidth Sync="TRUE">10</attwidth><atprecis Sync="TRUE">9</atprecis><attscale Sync="TRUE">1</attscale></attr><attr><attrlabl Sync="TRUE">AREA_REP</attrlabl><attalias Sync="TRUE">AREA_REP</attalias><attrtype Sync="TRUE">Double</attrtype><attwidth Sync="TRUE">10</attwidth><atprecis Sync="TRUE">9</atprecis><attscale Sync="TRUE">1</attscale></attr><attr><attrlabl Sync="TRUE">AREA_MAX</attrlabl><attalias Sync="TRUE">AREA_MAX</attalias><attrtype Sync="TRUE">Double</attrtype><attwidth Sync="TRUE">10</attwidth><atprecis Sync="TRUE">9</atprecis><attscale Sync="TRUE">1</attscale></attr><attr><attrlabl Sync="TRUE">AREA_MIN</attrlabl><attalias Sync="TRUE">AREA_MIN</attalias><attrtype Sync="TRUE">Double</attrtype><attwidth Sync="TRUE">10</attwidth><atprecis Sync="TRUE">9</atprecis><attscale Sync="TRUE">1</attscale></attr><attr><attrlabl Sync="TRUE">CAP_MCM</attrlabl><attalias Sync="TRUE">CAP_MCM</attalias><attrtype Sync="TRUE">Double</attrtype><attwidth Sync="TRUE">10</attwidth><atprecis Sync="TRUE">9</atprecis><attscale Sync="TRUE">1</attscale></attr><attr><attrlabl Sync="TRUE">CAP_MAX</attrlabl><attalias Sync="TRUE">CAP_MAX</attalias><attrtype Sync="TRUE">Double</attrtype><attwidth Sync="TRUE">10</attwidth><atprecis Sync="TRUE">9</atprecis><attscale Sync="TRUE">1</attscale></attr><attr><attrlabl Sync="TRUE">CAP_REP</attrlabl><attalias Sync="TRUE">CAP_REP</attalias><attrtype Sync="TRUE">Double</attrtype><attwidth Sync="TRUE">10</attwidth><atprecis Sync="TRUE">9</atprecis><attscale Sync="TRUE">1</attscale></attr><attr><attrlabl Sync="TRUE">CAP_MIN</attrlabl><attalias Sync="TRUE">CAP_MIN</attalias><attrtype Sync="TRUE">Double</attrtype><attwidth Sync="TRUE">10</attwidth><atprecis Sync="TRUE">9</atprecis><attscale Sync="TRUE">1</attscale></attr><attr><attrlabl Sync="TRUE">DEPTH_M</attrlabl><attalias Sync="TRUE">DEPTH_M</attalias><attrtype Sync="TRUE">Single</attrtype><attwidth Sync="TRUE">8</attwidth><atprecis Sync="TRUE">7</atprecis><attscale Sync="TRUE">1</attscale></attr><attr><attrlabl Sync="TRUE">DIS_AVG_LS</attrlabl><attalias Sync="TRUE">DIS_AVG_LS</attalias><attrtype Sync="TRUE">Double</attrtype><attwidth Sync="TRUE">10</attwidth><atprecis Sync="TRUE">10</atprecis><attscale Sync="TRUE">0</attscale></attr><attr><attrlabl Sync="TRUE">DOR_PC</attrlabl><attalias Sync="TRUE">DOR_PC</attalias><attrtype Sync="TRUE">Single</attrtype><attwidth Sync="TRUE">8</attwidth><atprecis Sync="TRUE">7</atprecis><attscale Sync="TRUE">1</attscale></attr><attr><attrlabl Sync="TRUE">ELEV_MASL</attrlabl><attalias Sync="TRUE">ELEV_MASL</attalias><attrtype Sync="TRUE">SmallInteger</attrtype><attwidth Sync="TRUE">4</attwidth><atprecis Sync="TRUE">4</atprecis><attscale Sync="TRUE">0</attscale></attr><attr><attrlabl Sync="TRUE">CATCH_SKM</attrlabl><attalias Sync="TRUE">CATCH_SKM</attalias><attrtype Sync="TRUE">Integer</attrtype><attwidth Sync="TRUE">8</attwidth><atprecis Sync="TRUE">8</atprecis><attscale Sync="TRUE">0</attscale></attr><attr><attrlabl Sync="TRUE">CATCH_REP</attrlabl><attalias Sync="TRUE">CATCH_REP</attalias><attrtype Sync="TRUE">Integer</attrtype><attwidth Sync="TRUE">8</attwidth><atprecis Sync="TRUE">8</atprecis><attscale Sync="TRUE">0</attscale></attr><attr><attrlabl Sync="TRUE">DATA_INFO</attrlabl><attalias Sync="TRUE">DATA_INFO</attalias><attrtype Sync="TRUE">String</attrtype><attwidth Sync="TRUE">50</attwidth><atprecis Sync="TRUE">0</atprecis><attscale Sync="TRUE">0</attscale></attr><attr><attrlabl Sync="TRUE">USE_IRRI</attrlabl><attalias Sync="TRUE">USE_IRRI</attalias><attrtype Sync="TRUE">String</attrtype><attwidth Sync="TRUE">5</attwidth><atprecis Sync="TRUE">0</atprecis><attscale Sync="TRUE">0</attscale></attr><attr><attrlabl Sync="TRUE">USE_ELEC</attrlabl><attalias Sync="TRUE">USE_ELEC</attalias><attrtype Sync="TRUE">String</attrtype><attwidth Sync="TRUE">5</attwidth><atprecis Sync="TRUE">0</atprecis><attscale Sync="TRUE">0</attscale></attr><attr><attrlabl Sync="TRUE">USE_SUPP</attrlabl><attalias Sync="TRUE">USE_SUPP</attalias><attrtype Sync="TRUE">String</attrtype><attwidth Sync="TRUE">5</attwidth><atprecis Sync="TRUE">0</atprecis><attscale Sync="TRUE">0</attscale></attr><attr><attrlabl Sync="TRUE">USE_FCON</attrlabl><attalias Sync="TRUE">USE_FCON</attalias><attrtype Sync="TRUE">String</attrtype><attwidth Sync="TRUE">5</attwidth><atprecis Sync="TRUE">0</atprecis><attscale Sync="TRUE">0</attscale></attr><attr><attrlabl Sync="TRUE">USE_RECR</attrlabl><attalias Sync="TRUE">USE_RECR</attalias><attrtype Sync="TRUE">String</attrtype><attwidth Sync="TRUE">5</attwidth><atprecis Sync="TRUE">0</atprecis><attscale Sync="TRUE">0</attscale></attr><attr><attrlabl Sync="TRUE">USE_NAVI</attrlabl><attalias Sync="TRUE">USE_NAVI</attalias><attrtype Sync="TRUE">String</attrtype><attwidth Sync="TRUE">5</attwidth><atprecis Sync="TRUE">0</atprecis><attscale Sync="TRUE">0</attscale></attr><attr><attrlabl Sync="TRUE">USE_FISH</attrlabl><attalias Sync="TRUE">USE_FISH</attalias><attrtype Sync="TRUE">String</attrtype><attwidth Sync="TRUE">5</attwidth><atprecis Sync="TRUE">0</atprecis><attscale Sync="TRUE">0</attscale></attr><attr><attrlabl Sync="TRUE">USE_PCON</attrlabl><attalias Sync="TRUE">USE_PCON</attalias><attrtype Sync="TRUE">String</attrtype><attwidth Sync="TRUE">5</attwidth><atprecis Sync="TRUE">0</atprecis><attscale Sync="TRUE">0</attscale></attr><attr><attrlabl Sync="TRUE">USE_LIVE</attrlabl><attalias Sync="TRUE">USE_LIVE</attalias><attrtype Sync="TRUE">String</attrtype><attwidth Sync="TRUE">5</attwidth><atprecis Sync="TRUE">0</atprecis><attscale Sync="TRUE">0</attscale></attr><attr><attrlabl Sync="TRUE">USE_OTHR</attrlabl><attalias Sync="TRUE">USE_OTHR</attalias><attrtype Sync="TRUE">String</attrtype><attwidth Sync="TRUE">5</attwidth><atprecis Sync="TRUE">0</atprecis><attscale Sync="TRUE">0</attscale></attr><attr><attrlabl Sync="TRUE">MAIN_USE</attrlabl><attalias Sync="TRUE">MAIN_USE</attalias><attrtype Sync="TRUE">String</attrtype><attwidth Sync="TRUE">25</attwidth><atprecis Sync="TRUE">0</atprecis><attscale Sync="TRUE">0</attscale></attr><attr><attrlabl Sync="TRUE">LAKE_CTRL</attrlabl><attalias Sync="TRUE">LAKE_CTRL</attalias><attrtype Sync="TRUE">String</attrtype><attwidth Sync="TRUE">10</attwidth><atprecis Sync="TRUE">0</atprecis><attscale Sync="TRUE">0</attscale></attr><attr><attrlabl Sync="TRUE">MULTI_DAMS</attrlabl><attalias Sync="TRUE">MULTI_DAMS</attalias><attrtype Sync="TRUE">String</attrtype><attwidth Sync="TRUE">10</attwidth><atprecis Sync="TRUE">0</atprecis><attscale Sync="TRUE">0</attscale></attr><attr><attrlabl Sync="TRUE">TIMELINE</attrlabl><attalias Sync="TRUE">TIMELINE</attalias><attrtype Sync="TRUE">String</attrtype><attwidth Sync="TRUE">25</attwidth><atprecis Sync="TRUE">0</atprecis><attscale Sync="TRUE">0</attscale></attr><attr><attrlabl Sync="TRUE">COMMENTS</attrlabl><attalias Sync="TRUE">COMMENTS</attalias><attrtype Sync="TRUE">String</attrtype><attwidth Sync="TRUE">250</attwidth><atprecis Sync="TRUE">0</atprecis><attscale Sync="TRUE">0</attscale></attr><attr><attrlabl Sync="TRUE">URL</attrlabl><attalias Sync="TRUE">URL</attalias><attrtype Sync="TRUE">String</attrtype><attwidth Sync="TRUE">150</attwidth><atprecis Sync="TRUE">0</atprecis><attscale Sync="TRUE">0</attscale></attr><attr><attrlabl Sync="TRUE">QUALITY</attrlabl><attalias Sync="TRUE">QUALITY</attalias><attrtype Sync="TRUE">String</attrtype><attwidth Sync="TRUE">25</attwidth><atprecis Sync="TRUE">0</atprecis><attscale Sync="TRUE">0</attscale></attr><attr><attrlabl Sync="TRUE">EDITOR</attrlabl><attalias Sync="TRUE">EDITOR</attalias><attrtype Sync="TRUE">String</attrtype><attwidth Sync="TRUE">10</attwidth><atprecis Sync="TRUE">0</atprecis><attscale Sync="TRUE">0</attscale></attr><attr><attrlabl Sync="TRUE">LONG_DD</attrlabl><attalias Sync="TRUE">LONG_DD</attalias><attrtype Sync="TRUE">Double</attrtype><attwidth Sync="TRUE">12</attwidth><atprecis Sync="TRUE">11</atprecis><attscale Sync="TRUE">6</attscale></attr><attr><attrlabl Sync="TRUE">LAT_DD</attrlabl><attalias Sync="TRUE">LAT_DD</attalias><attrtype Sync="TRUE">Double</attrtype><attwidth Sync="TRUE">12</attwidth><atprecis Sync="TRUE">11</atprecis><attscale Sync="TRUE">6</attscale></attr></detailed></eainfo><mdDateSt Sync="TRUE">20101220</mdDateSt></metadata>
